{
    "Dummy": {
        "accuracy": 0.699033594109526,
        "precision": 0.0,
        "recall": 0.0,
        "f1": 0.0,
        "roc_auc": 0.5
    },
    "LogisticRegression": {
        "accuracy": 0.9970854425525387,
        "precision": 0.9923973644196655,
        "recall": 0.9979612640163099,
        "f1": 0.9951715374841169,
        "roc_auc": 0.997334812389985
    },
    "DecisionTree": {
        "accuracy": 0.9990796134376438,
        "precision": 0.9979633401221996,
        "recall": 0.9989806320081549,
        "f1": 0.9984717269485481,
        "roc_auc": 0.9990514307725654
    },
    "RandomForest": {
        "accuracy": 0.9983126246356803,
        "precision": 0.9954291518537328,
        "recall": 0.9989806320081549,
        "f1": 0.9972017298397354,
        "roc_auc": 0.9985028242331755
    },
    "XGBoost": {
        "accuracy": 0.9987728179168585,
        "precision": 0.9989785495403473,
        "recall": 0.9969418960244648,
        "f1": 0.9979591836734694,
        "roc_auc": 0.9982515053964766
    }
}