{
    "Dummy": {
        "accuracy": 0.699033594109526,
        "precision": 0.0,
        "recall": 0.0,
        "f1": 0.0,
        "roc_auc": 0.5
    },
    "LogisticRegression": {
        "accuracy": 0.9970854425525387,
        "precision": 0.9923973644196655,
        "recall": 0.9979612640163099,
        "f1": 0.9951715374841169,
        "roc_auc": 0.997334812389985
    },
    "DecisionTree": {
        "accuracy": 0.9993864089584292,
        "precision": 0.9989806320081549,
        "recall": 0.9989806320081549,
        "f1": 0.9989806320081549,
        "roc_auc": 0.9992708733883214,
        "cross_val_f1_scores": [
            0.9987616099071207,
            0.9984534488091555,
            0.9990714948932219,
            0.9981389578163772,
            0.9981412639405205
        ],
        "cross_val_f1_mean": 0.9985133550732792,
        "cross_val_f1_std": 0.00036203988693678425
    },
    "RandomForest": {
        "accuracy": 0.9980058291148949,
        "precision": 0.9954245043213015,
        "recall": 0.9979612640163099,
        "f1": 0.996691270043268,
        "roc_auc": 0.9979931402372529
    },
    "XGBoost": {
        "accuracy": 0.9987728179168585,
        "precision": 0.9989785495403473,
        "recall": 0.9969418960244648,
        "f1": 0.9979591836734694,
        "roc_auc": 0.9982515053964766
    }
}